<?xml version = "1.0"?>
<usa>
	<state>
		<name>Alabama</name>
		<capital>Montgomery</capital>
	</state>
	<state>
		<name>Alaska</name>
		<capital>Juneau</capital>
	</state>
	<state>
		<name>Arizona</name>
		<capital>Phoenix</capital>
	</state>
	<state><name>Arkansas</name>
		<capital>LittleRock</capital>
	</state>
	<state>
		<name>California</name>
		<capital>Sacramento</capital>
	</state>
	<state>
		<name>Colorado</name>
		<capital>Denver</capital>
	</state>
	<state>
		<name>Connecticut</name>
		<capital>Hartford</capital>
	</state>
	<state>
		<name>Delaware</name>
		<capital>Dover</capital>
	</state>
	<state><name>Florida</name>
		<capital>Tallahassee</capital>
	</state>
	<state>
		<name>Georgia</name>
		<capital>Atlanta</capital>
	</state>
	<state>
		<name>Hawaii</name>
		<capital>Honolulu</capital>
	</state>
	<state>
		<name>Idaho</name>
		<capital>Boise</capital>
	</state>
	<state>
		<name>Illinois</name>
		<capital>Springfield</capital>
	</state>
	<state>
		<name>Indiana</name>
		<capital>Indianapolis</capital>
	</state>
	<state>
		<name>Iowa</name>
		<capital>DesMoines</capital>
	</state>
	<state><name>Kansas</name>
		<capital>Topeka</capital>
	</state>
	<state>
		<name>Kentucky</name>
		<capital>Frankfort</capital>
	</state>
	<state>
		<name>Louisiana</name>
		<capital>BatonRouge</capital>
	</state>
	<state>
		<name>Maine</name>
		<capital>Augusta</capital>
	</state>
	<state>
		<name>Maryland</name>
		<capital>Annapolis</capital>
	</state>
	<state>
		<name>Massachusetts</name>
		<capital>Boston</capital>
	</state>
	<state>
		<name>Michigan</name>
		<capital>Lansing</capital>
	</state>
	<state>
		<name>Minnesota</name>
		<capital>St.Paul</capital>
	</state>
	<state>
		<name>Mississippi</name>
		<capital>Jackson</capital>
	</state>
	<state>
		<name>Missouri</name>
		<capital>JeffersonCity</capital>
	</state>
	<state>
		<name>Montana</name>
		<capital>Helena</capital>
	</state>
	<state>
		<name>Nebraska</name>
		<capital>Lincoln</capital>
	</state>
	<state>
		<name>Nevada</name>
		<capital>CarsonCity</capital>
	</state>
	<state>
		<name>NewHampshire</name>
		<capital>Concord</capital>
	</state>
	<state>
		<name>NewJersey</name>
		<capital>Trenton</capital>
	</state>
	<state>
		<name>NewMexico</name>
		<capital>SantaFe</capital>
	</state>
	<state>
		<name>NewYork</name>
		<capital>Albany</capital>
	</state>
	<state>
		<name>NorthCarolina</name>
		<capital>Raleigh</capital>
	</state>
	<state>
		<name>NorthDakota</name>
		<capital>Bismarck</capital>
	</state>
	<state>
		<name>Ohio</name>
		<capital>Columbus</capital>
	</state>
	<state>
		<name>Oklahoma</name>
		<capital>OklahomaCity</capital>
	</state>
	<state>
		<name>Oregon</name>
		<capital>Salem</capital>
	</state>
	<state>
		<name>Pennsylvania</name>
		<capital>Harrisburg</capital>
	</state>
	<state>
		<name>RhodeIsland</name>
		<capital>Providence</capital>
	</state>
	<state>
		<name>SouthCarolina</name>
		<capital>Columbia</capital>
	</state>
	<state>
		<name>SouthDakota</name>
		<capital>Pierre</capital>
	</state>
	<state>
		<name>Tennessee</name>
		<capital>Nashville</capital>
	</state>
	<state>
		<name>Texas</name>
		<capital>Austin</capital>
	</state>
	<state>
		<name>Utah</name>
		<capital>SaltLakeCity</capital>
	</state>
	<state>
		<name>Vermont</name>
		<capital>Montpelier</capital>
	</state>
	<state>
		<name>Virginia</name>
		<capital>Richmond</capital>
	</state>
	<state>
		<name>Washington</name>
		<capital>Olympia</capital>
	</state>
	<state>
		<name>WestVirginia</name>
		<capital>Charleston</capital>
	</state>
	<state>
		<name>Wisconsin</name>
		<capital>Madison</capital>
	</state>
	<state>
		<name>Wyoming</name>
		<capital>Cheyenne</capital>
	</state>
</usa>